event_id,panel_id,failure_date,failure_type,severity_level,detection_method,repair_cost_usd,downtime_hours,repair_date,root_cause,preventable,warranty_covered,site_id
EVT_00001,SITE_A_P005,2019-12-06,hot_spots,3,routine_inspection,428.25,17,2019-12-06,soiling,False,True,SITE_A
EVT_00002,SITE_A_P014,2021-08-16,micro_cracks,1,automated_monitoring,437.77,1,2021-08-16,manufacturing_defect,False,True,SITE_A
EVT_00003,SITE_A_P024,2020-05-08,connector_failure,3,automated_monitoring,389.41,17,2020-05-09,manufacturing_defect,False,True,SITE_A
EVT_00004,SITE_A_P039,2019-12-06,hot_spots,3,routine_inspection,755.27,24,2019-12-07,soiling,True,True,SITE_A
EVT_00005,SITE_A_P050,2020-10-06,connector_failure,3,automated_monitoring,267.47,27,2020-10-07,loose_connection,False,True,SITE_A
EVT_00006,SITE_A_P078,2022-12-05,corrosion,3,routine_inspection,1149.68,31,2022-12-06,material_degradation,False,False,SITE_A
EVT_00007,SITE_A_P090,2021-05-10,hot_spots,3,routine_inspection,458.96,21,2021-05-10,manufacturing_defect,False,True,SITE_A
EVT_00008,SITE_A_P100,2022-01-12,corrosion,3,automated_monitoring,755.4,32,2022-01-13,material_degradation,False,True,SITE_A
EVT_00009,SITE_A_P121,2023-02-16,hot_spots,2,automated_monitoring,632.68,12,2023-02-17,shading,False,True,SITE_A
EVT_00010,SITE_A_P124,2022-08-28,hot_spots,3,automated_monitoring,500.53,25,2022-08-29,shading,True,True,SITE_A
EVT_00011,SITE_A_P130,2022-07-30,electrical_degradation,4,automated_monitoring,582.64,71,2022-08-02,uv_exposure,False,True,SITE_A
EVT_00012,SITE_A_P134,2022-01-03,hot_spots,2,automated_monitoring,385.08,8,2022-01-03,soiling,True,True,SITE_A
EVT_00013,SITE_A_P150,2022-09-18,hot_spots,3,routine_inspection,506.77,14,2022-09-19,soiling,True,False,SITE_A
EVT_00014,SITE_A_P155,2023-09-30,soiling,1,automated_monitoring,149.4,1,2023-09-30,pollen,False,True,SITE_A
EVT_00015,SITE_A_P161,2019-12-15,micro_cracks,1,routine_inspection,188.47,1,2019-12-15,manufacturing_defect,False,True,SITE_A
EVT_00016,SITE_A_P161,2020-01-30,micro_cracks,2,automated_monitoring,203.41,8,2020-01-30,thermal_stress,True,True,SITE_A
EVT_00017,SITE_A_P176,2021-12-31,micro_cracks,2,automated_monitoring,539.2,7,2022-01-01,mechanical_stress,False,True,SITE_A
EVT_00018,SITE_A_P192,2023-06-28,inverter_issues,3,automated_monitoring,1677.89,36,2023-06-30,power_surge,True,True,SITE_A
EVT_00019,SITE_A_P199,2021-05-05,corrosion,3,automated_monitoring,379.73,25,2021-05-06,material_degradation,False,True,SITE_A
EVT_00020,SITE_A_P203,2021-05-14,hot_spots,2,automated_monitoring,565.85,13,2021-05-15,shading,False,True,SITE_A
EVT_00021,SITE_A_P205,2022-12-24,inverter_issues,3,routine_inspection,1138.27,32,2022-12-25,component_failure,True,True,SITE_A
EVT_00022,SITE_A_P206,2021-04-24,electrical_degradation,4,automated_monitoring,415.88,78,2021-04-28,thermal_cycling,True,False,SITE_A
EVT_00023,SITE_A_P240,2021-08-06,soiling,1,automated_monitoring,102.79,1,2021-08-06,bird_droppings,False,True,SITE_A
EVT_00024,SITE_A_P255,2023-12-07,micro_cracks,1,automated_monitoring,447.92,1,2023-12-07,mechanical_stress,True,True,SITE_A
EVT_00025,SITE_A_P259,2021-05-26,soiling,1,automated_monitoring,159.82,2,2021-05-26,dust_accumulation,False,True,SITE_A
EVT_00026,SITE_A_P260,2020-07-23,hot_spots,2,automated_monitoring,768.69,8,2020-07-23,shading,False,True,SITE_A
EVT_00027,SITE_A_P270,2023-07-29,soiling,1,automated_monitoring,169.82,1,2023-07-29,bird_droppings,False,True,SITE_A
EVT_00028,SITE_A_P273,2021-08-05,connector_failure,4,automated_monitoring,313.47,81,2021-08-08,loose_connection,True,False,SITE_A
EVT_00029,SITE_A_P278,2023-08-06,corrosion,2,performance_alert,1057.61,5,2023-08-07,moisture_ingress,True,True,SITE_A
EVT_00030,SITE_A_P282,2023-12-12,micro_cracks,1,performance_alert,570.44,1,2023-12-12,thermal_stress,False,False,SITE_A
EVT_00031,SITE_A_P283,2022-07-27,micro_cracks,1,automated_monitoring,567.56,1,2022-07-27,manufacturing_defect,False,True,SITE_A
EVT_00032,SITE_A_P288,2022-01-24,micro_cracks,1,routine_inspection,485.1,2,2022-01-24,manufacturing_defect,False,True,SITE_A
EVT_00033,SITE_A_P291,2022-07-03,corrosion,3,routine_inspection,737.86,32,2022-07-04,moisture_ingress,False,True,SITE_A
EVT_00034,SITE_A_P294,2022-08-02,corrosion,3,automated_monitoring,611.77,20,2022-08-02,material_degradation,False,False,SITE_A
EVT_00035,SITE_A_P310,2022-01-05,micro_cracks,1,automated_monitoring,176.64,1,2022-01-05,thermal_stress,False,False,SITE_A
EVT_00036,SITE_A_P318,2019-04-10,soiling,1,automated_monitoring,177.61,1,2019-04-10,pollen,False,True,SITE_A
EVT_00037,SITE_A_P339,2020-09-11,hot_spots,2,routine_inspection,268.87,7,2020-09-11,shading,False,True,SITE_A
EVT_00038,SITE_A_P346,2020-01-10,soiling,1,routine_inspection,123.94,1,2020-01-10,pollen,False,True,SITE_A
EVT_00039,SITE_A_P371,2021-12-09,hot_spots,2,automated_monitoring,676.69,11,2021-12-09,shading,False,True,SITE_A
EVT_00040,SITE_A_P374,2021-07-26,electrical_degradation,3,automated_monitoring,1290.22,26,2021-07-27,uv_exposure,True,True,SITE_A
EVT_00041,SITE_A_P374,2022-06-12,micro_cracks,1,performance_alert,541.03,2,2022-06-12,mechanical_stress,False,True,SITE_A
EVT_00042,SITE_A_P388,2021-07-12,inverter_issues,3,automated_monitoring,569.52,23,2021-07-13,component_failure,False,True,SITE_A
EVT_00043,SITE_A_P398,2021-08-30,micro_cracks,1,automated_monitoring,320.38,1,2021-08-30,mechanical_stress,False,True,SITE_A
EVT_00044,SITE_B_P003,2020-11-06,inverter_issues,4,routine_inspection,1047.29,55,2020-11-08,power_surge,True,True,SITE_B
EVT_00045,SITE_B_P006,2020-08-30,micro_cracks,2,automated_monitoring,499.21,11,2020-08-31,mechanical_stress,True,True,SITE_B
EVT_00046,SITE_B_P013,2023-06-12,inverter_issues,4,automated_monitoring,847.99,38,2023-06-14,component_failure,True,True,SITE_B
EVT_00047,SITE_B_P015,2022-10-23,connector_failure,4,automated_monitoring,336.7,64,2022-10-26,manufacturing_defect,False,True,SITE_B
EVT_00048,SITE_B_P016,2021-12-09,inverter_issues,4,automated_monitoring,731.32,41,2021-12-11,overheating,True,True,SITE_B
EVT_00049,SITE_B_P028,2023-02-21,micro_cracks,1,routine_inspection,296.49,2,2023-02-21,thermal_stress,False,False,SITE_B
EVT_00050,SITE_B_P042,2022-09-21,soiling,1,routine_inspection,148.99,1,2022-09-21,dust_accumulation,False,True,SITE_B
EVT_00051,SITE_B_P050,2023-07-19,micro_cracks,1,routine_inspection,421.15,2,2023-07-19,mechanical_stress,False,True,SITE_B
EVT_00052,SITE_B_P088,2020-12-28,hot_spots,3,automated_monitoring,245.84,24,2020-12-29,soiling,False,True,SITE_B
EVT_00053,SITE_B_P099,2020-11-11,hot_spots,2,automated_monitoring,655.46,8,2020-11-11,shading,True,True,SITE_B
EVT_00054,SITE_B_P109,2022-11-28,hot_spots,3,automated_monitoring,598.67,18,2022-11-29,soiling,False,True,SITE_B
EVT_00055,SITE_B_P128,2020-04-01,inverter_issues,4,routine_inspection,1027.32,60,2020-04-04,power_surge,True,True,SITE_B
EVT_00056,SITE_B_P137,2021-06-18,connector_failure,3,automated_monitoring,130.99,30,2021-06-19,manufacturing_defect,False,True,SITE_B
EVT_00057,SITE_B_P138,2021-05-22,connector_failure,4,automated_monitoring,168.1,106,2021-05-27,loose_connection,True,True,SITE_B
EVT_00058,SITE_B_P144,2022-04-18,soiling,1,automated_monitoring,150.73,1,2022-04-18,dust_accumulation,False,True,SITE_B
EVT_00059,SITE_B_P147,2023-04-22,inverter_issues,4,automated_monitoring,644.52,73,2023-04-25,power_surge,True,True,SITE_B
EVT_00060,SITE_B_P157,2023-12-22,connector_failure,4,routine_inspection,154.26,81,2023-12-26,loose_connection,True,True,SITE_B
EVT_00061,SITE_B_P161,2023-06-09,micro_cracks,1,automated_monitoring,300.36,1,2023-06-09,mechanical_stress,True,True,SITE_B
EVT_00062,SITE_B_P164,2021-12-20,connector_failure,3,automated_monitoring,122.03,13,2021-12-20,corrosion,False,True,SITE_B
EVT_00063,SITE_B_P187,2021-07-25,hot_spots,3,routine_inspection,721.86,26,2021-07-26,shading,True,True,SITE_B
EVT_00064,SITE_B_P190,2022-06-04,inverter_issues,3,automated_monitoring,1123.46,16,2022-06-05,overheating,True,True,SITE_B
EVT_00065,SITE_B_P208,2023-09-23,micro_cracks,1,automated_monitoring,362.9,1,2023-09-23,manufacturing_defect,False,False,SITE_B
EVT_00066,SITE_B_P239,2023-11-09,electrical_degradation,4,automated_monitoring,895.67,112,2023-11-14,aging,False,True,SITE_B
EVT_00067,SITE_B_P243,2023-02-19,electrical_degradation,4,routine_inspection,758.68,87,2023-02-23,thermal_cycling,True,True,SITE_B
EVT_00068,SITE_B_P264,2020-10-21,micro_cracks,1,routine_inspection,353.7,2,2020-10-21,thermal_stress,False,True,SITE_B
EVT_00069,SITE_B_P296,2020-06-20,inverter_issues,3,routine_inspection,1741.39,25,2020-06-21,overheating,True,True,SITE_B
EVT_00070,SITE_B_P305,2021-03-01,soiling,1,routine_inspection,105.94,1,2021-03-01,pollen,True,True,SITE_B
EVT_00071,SITE_B_P311,2023-04-10,inverter_issues,4,automated_monitoring,739.97,42,2023-04-11,component_failure,False,False,SITE_B
EVT_00072,SITE_B_P317,2022-11-02,micro_cracks,1,automated_monitoring,504.79,2,2022-11-02,manufacturing_defect,True,True,SITE_B
EVT_00073,SITE_B_P319,2023-07-05,hot_spots,2,automated_monitoring,207.68,7,2023-07-05,soiling,True,True,SITE_B
EVT_00074,SITE_B_P320,2023-10-20,micro_cracks,1,routine_inspection,427.63,1,2023-10-20,thermal_stress,True,True,SITE_B
EVT_00075,SITE_B_P330,2021-05-14,soiling,1,automated_monitoring,181.46,2,2021-05-15,bird_droppings,True,True,SITE_B
EVT_00076,SITE_B_P386,2022-07-22,connector_failure,4,automated_monitoring,386.85,85,2022-07-25,loose_connection,True,True,SITE_B
EVT_00077,SITE_C_P008,2022-08-16,hot_spots,2,automated_monitoring,628.0,9,2022-08-17,shading,True,True,SITE_C
EVT_00078,SITE_C_P016,2022-04-05,inverter_issues,3,automated_monitoring,1936.3,21,2022-04-05,overheating,False,True,SITE_C
EVT_00079,SITE_C_P023,2023-07-23,inverter_issues,4,automated_monitoring,1117.28,31,2023-07-24,power_surge,True,True,SITE_C
EVT_00080,SITE_C_P042,2022-01-20,soiling,1,routine_inspection,65.79,2,2022-01-20,bird_droppings,False,True,SITE_C
EVT_00081,SITE_C_P050,2023-02-10,connector_failure,2,automated_monitoring,298.43,10,2023-02-10,loose_connection,False,True,SITE_C
EVT_00082,SITE_C_P066,2021-12-21,hot_spots,2,automated_monitoring,273.73,9,2021-12-22,shading,True,True,SITE_C
EVT_00083,SITE_C_P075,2023-12-29,electrical_degradation,4,automated_monitoring,688.65,70,2024-01-01,aging,False,True,SITE_C
EVT_00084,SITE_C_P110,2023-10-21,hot_spots,2,automated_monitoring,586.21,8,2023-10-22,shading,True,False,SITE_C
EVT_00085,SITE_C_P146,2022-10-17,inverter_issues,3,automated_monitoring,1900.05,23,2022-10-18,component_failure,True,False,SITE_C
